corpus,model,normalization,metric,topic01,topic02,topic03,topic04,topic05,topic06,topic07,topic08,topic09,topic10,average
Android,BTM,lemma,ca,0.064393323,0.127131902,0.08981819,0.373408977,0.198624995,0.039180675,0.090767754,0.084537263,0.171006536,0.143306243,0.138217586
Android,BTM,lemma,cp,-0.011217615,0.055094515,-0.122356944,0.080959048,-0.266833727,-0.255187188,0.115865754,-0.068126145,0.354268678,0.021631185,-0.009590244
Android,BTM,lemma,npmi,-0.016331291,-0.076387281,-0.123007597,-0.10879195,-0.122675754,-0.087252013,-0.050493756,5.03E-06,0.013692027,-0.005942812,-0.05771854
Android,BTM,lemma,umass,-2.517606347,-1.77151176,-3.049212971,-1.765008983,-2.927612448,-1.665779113,-11.06719753,-1.821129888,-2.403010441,-2.638271858,-3.162634134
Android,DMM,lemma,ca,0.061850848,0.102064109,0.202198291,0.084921334,0.102838575,0.031586523,0.092435742,0.123965196,0.133924586,0.105490371,0.104127558
Android,DMM,lemma,cp,-0.559968375,-0.17559139,0.034844397,-0.221342341,0.110971729,-0.154161563,0.099014456,0.258674752,-0.187327595,-0.143626188,-0.093851212
Android,DMM,lemma,npmi,-0.151705986,-0.099830548,-0.032840682,-0.074700583,0.015362446,-0.024506582,0.015732888,0.042201879,-0.197652227,-0.070607991,-0.057854739
Android,DMM,lemma,umass,-10.7592666,-5.533088662,-1.638523337,-6.574688722,-2.243912468,-1.317075406,-2.481102313,-1.817139858,-4.009156312,-2.122474963,-3.849642864
Android,GPU-PDMM,lemma,ca,0.319090926,0.097589489,0.133255555,0.208294409,0.067748394,0.105154366,0.07475637,0.094983357,0.152987739,0.194931229,0.144879183
Android,GPU-PDMM,lemma,cp,-0.381168946,0.149338691,0.157283726,-0.517426795,-0.230539403,0.058950584,-0.104593727,-0.040944998,0.15598931,0.035897209,-0.071721435
Android,GPU-PDMM,lemma,npmi,-0.000544302,-0.071883851,0.009526593,-0.256803023,-0.065808255,-0.066152033,-0.035930691,-0.073006187,0.043290744,-0.133878429,-0.065118943
Android,GPU-PDMM,lemma,umass,-1.084237269,-2.474280669,-3.356935959,-5.685111289,-8.003638532,-3.680461898,-3.454111997,-3.692167096,-2.097986861,-3.893158389,-3.742208996
Android,WNTM,lemma,ca,0.116612374,0.127155372,0.121979535,0.108375235,0.037813632,0.094521482,0.179861747,0.027990574,0.074343475,0.171482296,0.106013572
Android,WNTM,lemma,cp,-0.78575459,0.311906693,0.267277909,0.089696974,0.03552059,-0.078642161,-0.015625469,-0.426132672,-0.127640446,0.213645997,-0.051574718
Android,WNTM,lemma,npmi,-0.145208592,0.039630517,0.047686748,0.015890817,0.003915054,-0.149636024,-0.053049734,-0.010273087,-0.032444953,-0.00730488,-0.029079413
Android,WNTM,lemma,umass,-10.89780134,-2.711486912,-1.805179349,-2.952786716,-0.796262689,-2.250512661,-1.726349081,-0.567530625,-1.611767005,-2.810336253,-2.813001263
Android,LDA,lemma,ca,0.107463865,0.177973877,0.182532678,0.261273673,0.488674253,0.173736073,0.063053881,0.148578754,0.142993695,0.356997626,0.210327838
Android,LDA,lemma,cp,0.061552335,0.105540596,0.037738681,-0.050555218,0.190272055,0.190440223,-0.559968375,0.000533308,0.017241458,-0.295663948,-0.030286888
Android,LDA,lemma,npmi,-0.154179454,-0.052416618,-0.089884493,0.026586571,0.037361041,-0.024115393,-0.151705986,-0.01226334,-0.108777531,-0.102081199,-0.06314764
Android,LDA,lemma,umass,-2.093360034,-3.093425761,-9.943176348,-1.79805639,-2.024080694,-2.560833037,-10.7592666,-2.849265439,-3.242727226,-8.965070153,-4.732926168
Flutter,BTM,lemma,ca,0.293033856,0.245063967,0.303621619,0.356340064,0.356484454,0.104083595,0.09126844,0.140053336,0.112974858,0.08407188,0.208699607
Flutter,BTM,lemma,cp,-0.513251124,0.327882877,0.04121184,-0.121240484,-0.651946625,0.061302119,0.066578406,-0.262112387,-0.126226027,-0.076222068,-0.125402347
Flutter,BTM,lemma,npmi,-0.048209583,0.013686463,-0.008928709,-0.044335045,-0.066414941,-0.028634057,0.000707463,-0.222660118,-0.124694812,-0.019618225,-0.054910156
Flutter,BTM,lemma,umass,-1.94957797,-6.812374265,-1.462267504,-4.496648864,-1.921434234,-2.57216258,-2.096887612,-4.359166678,-4.265016477,-3.019089929,-3.295462611
Flutter,DMM,lemma,ca,0.124724683,0.318864312,0.354131216,0.304518478,0.302480715,0.232910843,0.301349098,0.124767073,0.109166652,0.094659773,0.226757284
Flutter,DMM,lemma,cp,0.094051282,-0.263541634,-0.159329487,-0.126414389,0.081359426,0.062703512,-0.099106216,0.01620314,-0.532925144,-0.024814352,-0.095181386
Flutter,DMM,lemma,npmi,-0.045639572,-0.089686923,-0.119445093,-0.059779688,0.001667666,0.000255025,-0.060236324,-0.03177485,-0.055582379,-0.007053168,-0.046727531
Flutter,DMM,lemma,umass,-3.883642574,-2.219562966,-5.248358866,-3.259808151,-1.78402218,-2.187387888,-3.655670222,-2.230341762,-1.38251115,-2.733274666,-2.858458042
Flutter,GPU-PDMM,lemma,ca,0.198169977,0.324700611,0.390378173,0.444448299,0.103475871,0.317729057,0.067325065,0.172654129,0.302480715,0.103702185,0.242506408
Flutter,GPU-PDMM,lemma,cp,-0.589773228,0.156832742,-0.209160545,-0.004246628,-0.180493717,-0.116976531,-0.044639452,0.221977891,0.081359426,0.099142474,-0.058597757
Flutter,GPU-PDMM,lemma,npmi,-0.067617022,0.047335884,-0.17991299,0.026642267,-0.084309195,-0.110995348,-0.023013643,0.044405841,0.001667666,0.008076372,-0.033772017
Flutter,GPU-PDMM,lemma,umass,-3.439912935,-3.00294572,-2.969266046,-5.647036082,-8.421618126,-3.439385229,-2.322292899,-1.596555932,-1.78402218,-1.685871305,-3.430890646
Flutter,WNTM,lemma,ca,0.307154506,0.128563029,0.155514204,0.352084729,0.281469705,0.160663217,0.286303865,0.285469583,0.075976126,0.120568133,0.21537671
Flutter,WNTM,lemma,cp,0.335537452,-0.081011971,0.068060962,-0.12461997,-0.421446214,0.067191519,-0.423763926,-0.46228454,-0.296028063,-0.055584235,-0.139394899
Flutter,WNTM,lemma,npmi,0.050989169,-0.008587941,-0.015491271,-0.097112082,-0.037031441,0.000707463,-0.032225901,-0.146694854,-0.145223912,-0.071946672,-0.050261744
Flutter,WNTM,lemma,umass,-6.09759083,-2.450719837,-2.523315517,-7.180784646,-1.908111758,-1.770198516,-1.740144367,-5.324787723,-8.531338911,-2.749278809,-4.027627092
Flutter,LDA,lemma,ca,0.01391168,0.607854114,0.606145412,0.668585054,0.096051608,0.606341022,0.230087599,0.444567477,0.327997542,0.233666393,0.38352079
Flutter,LDA,lemma,cp,-0.414275714,0.44794977,-0.048825954,-0.019743454,-0.076222068,0.04846546,0.028827794,0.081250561,-0.349467031,-0.275296265,-0.05773369
Flutter,LDA,lemma,npmi,-0.123081892,0.086926149,0.051967796,-0.126507457,-0.019618225,-0.005609416,-0.028770643,0.000817454,-0.158779431,0.006041974,-0.031661369
Flutter,LDA,lemma,umass,-9.283095199,-2.190104178,-5.376301634,-1.854853835,-3.019089929,-1.630691791,-3.155240107,-1.746500377,-2.841910705,-0.946988237,-3.204477599
Jenkinsci,BTM,lemma,ca,0.156342371,0.144508655,0.128336506,0.081279047,0.079788308,0.136280017,0.176094781,0.123302489,0.132573727,0.120113659,0.127861956
Jenkinsci,BTM,lemma,cp,0.044414756,-0.360808613,-0.222011246,-0.314485539,-0.351148214,-0.263338608,-0.218863236,-0.491266698,0.351373108,0.019358519,-0.180677577
Jenkinsci,BTM,lemma,npmi,-0.028514181,-0.247291367,-0.110839733,-0.169153135,-0.143930222,-0.056241376,0.002440288,-0.141203194,-0.112854704,-0.011454915,-0.101904254
Jenkinsci,BTM,lemma,umass,-2.246542996,-7.467432859,-8.243131798,-7.914832815,-8.358629237,-10.09241966,-0.749383638,-5.035590735,-3.54409386,-2.067283083,-5.571934068
Jenkinsci,DMM,lemma,ca,0.110383479,0.10051962,0.099025667,0.088752049,0.107466404,0.200613231,0.187394609,0.071722425,0.265345233,0.239334516,0.147055723
Jenkinsci,DMM,lemma,cp,0.286027031,-0.453271039,0.018459099,0.005497494,-0.02306801,-0.058716631,0.363031126,-0.382415906,0.061456191,0.242536776,0.005953613
Jenkinsci,DMM,lemma,npmi,-0.087702967,-0.219847924,-0.123224113,-0.061246878,0.015102059,0.007490017,0.086179851,-0.153895611,-0.064455232,-0.176225179,-0.077782598
Jenkinsci,DMM,lemma,umass,-3.019470459,-8.099298533,-3.472551303,-1.909390873,-0.670213968,-9.32459305,-3.238477544,-6.948694478,-5.029077445,-3.641124518,-4.535289217
Jenkinsci,GPU-PDMM,lemma,ca,0.211581852,0.280473163,0.104537954,0.170201968,0.111068644,0.128089768,0.146875495,0.145610847,0.199047205,0.066825487,0.156431238
Jenkinsci,GPU-PDMM,lemma,cp,0.179386449,-0.027403687,0.097189688,0.209058591,0.013532897,0.116821282,0.172526153,0.148938848,-0.05580619,-0.153525525,0.070071851
Jenkinsci,GPU-PDMM,lemma,npmi,-0.13192371,-0.138854902,0.012621961,0.056103674,-0.013956408,-0.150993945,0.044675675,0.04483655,0.045333911,-0.056103312,-0.028826051
Jenkinsci,GPU-PDMM,lemma,umass,-3.389608505,-2.814388688,-2.179276884,-2.7294248,-4.014650766,-2.445434703,-1.924747701,-2.026897433,-0.69052156,-5.441482721,-2.765643376
Jenkinsci,WNTM,lemma,ca,0.112021265,0.271028813,0.065389215,0.075829506,0.099233271,0.153020046,0.13403566,0.060986157,0.117566735,0.082005532,0.11711162
Jenkinsci,WNTM,lemma,cp,-0.609255385,0.021566765,-0.708822538,-0.378859332,-0.046847596,-0.013729224,0.043694306,-0.120051167,-0.291235345,-0.025873747,-0.212941326
Jenkinsci,WNTM,lemma,npmi,-0.063564935,-0.061159552,-0.229895967,-0.198866867,-0.04474328,-0.147911929,-0.028514181,0.002440288,-0.123134649,0.015102059,-0.088024901
Jenkinsci,WNTM,lemma,umass,-15.00266706,-6.123536785,-7.403649622,-8.142216229,-2.701362169,-3.511207039,-2.82425824,-1.122160917,-4.634515234,-0.515381006,-5.19809543
Jenkinsci,LDA,lemma,ca,0.533212742,0.097748225,0.162932355,0.448623482,0.239387046,0.431773029,0.323923203,0.653841737,-0.01814903,-0.010415246,0.286287754
Jenkinsci,LDA,lemma,cp,0.062303952,0.049862126,-0.387024337,0.030118284,0.188203984,0.165466388,-0.013111799,0.139059829,0.06744727,-0.299518812,0.000280689
Jenkinsci,LDA,lemma,npmi,-0.037563953,-0.103596936,-0.140046113,-0.006832488,-0.00924289,0.091539191,0.015211681,-0.004941848,-0.126759388,-0.092906253,-0.0415139
Jenkinsci,LDA,lemma,umass,-2.033523818,-4.031174957,-13.37748882,-1.643828654,-2.806995312,-0.804177565,-1.516189817,-2.350233685,-6.610954446,-8.886054831,-4.406062191
ConsenSys,BTM,lemma,ca,0.642382895,0.442259844,0.102059241,0.212785428,-0.068185738,0.095553458,0.069288817,0.243144286,0.304517176,0.163724244,0.220752965
ConsenSys,BTM,lemma,cp,-0.358854832,0.035045954,-0.181956955,-0.379672001,-0.303289378,-0.359998397,-0.367330213,-0.347290001,0.092772514,-0.410373494,-0.25809468
ConsenSys,BTM,lemma,npmi,-0.090244904,-0.017911142,-0.090261216,0.001253726,-0.171618673,-0.107520586,-0.115205174,-0.094154629,0.017127208,-0.106368264,-0.077490365
ConsenSys,BTM,lemma,umass,-5.809406966,-2.084598914,-3.213565744,-0.33136428,-6.968444414,-8.21617734,-6.597839672,-8.512169047,-2.31381887,-7.962334705,-5.200971995
ConsenSys,DMM,lemma,ca,0.610900315,0.596299177,0.176575192,0.188670035,0.440158999,0.429608012,0.49055577,0.277984832,0.368543518,0.416115899,0.399541175
ConsenSys,DMM,lemma,cp,-0.192480842,-0.3948964,-0.405142421,-0.127370904,0.01399993,0.092023041,0.055022895,0.047063279,-0.02316443,-0.428470317,-0.136341617
ConsenSys,DMM,lemma,npmi,-0.120992319,-0.009495013,-0.102777371,-0.135691825,-0.016858105,-0.000991643,0.004387567,0.056331085,0.046480097,-0.093864586,-0.037347211
ConsenSys,DMM,lemma,umass,-4.259149461,-1.373146716,-7.195034457,-3.222900246,-1.604118064,-1.894532504,-2.711288846,-9.05997724,-2.059213314,-7.072430436,-4.045179128
ConsenSys,GPU-PDMM,lemma,ca,0.413190113,0.076842801,0.158159898,0.469945718,0.49055577,0.325685831,0.186682584,0.634726048,0.520621083,0.542840212,0.381925006
ConsenSys,GPU-PDMM,lemma,cp,-0.142073313,-0.369549865,-0.319787119,0.019933167,0.052684273,-0.272910477,0.079803199,-0.421403245,0.14191418,0.360062857,-0.087132634
ConsenSys,GPU-PDMM,lemma,npmi,-0.028542532,-0.071280412,-0.107684903,-0.000603643,0.004387567,-0.057889048,-0.039599278,-0.100227074,0.023083318,0.066692087,-0.031166392
ConsenSys,GPU-PDMM,lemma,umass,-1.2872141,-4.223401649,-6.537125203,-2.236457976,-1.886787523,-5.145034641,-3.266797367,-4.392592494,-1.491594935,-2.946212763,-3.341321865
ConsenSys,WNTM,lemma,ca,0.304029594,0.278739577,0.105648161,0.560255742,0.043619673,0.165725209,-0.006658395,0.417940895,0.117445629,0.104194367,0.209094045
ConsenSys,WNTM,lemma,cp,-0.164552767,-0.127708815,-0.028375421,0.306238013,-0.279672001,-0.421677956,-0.434513216,-0.331202538,-0.167371258,0.026183231,-0.162265273
ConsenSys,WNTM,lemma,npmi,0.032316666,-0.112855362,-0.035924249,0.07432937,0.001253726,-0.100227074,-0.146399819,-0.131789937,-0.118083266,-0.040214453,-0.05775944
ConsenSys,WNTM,lemma,umass,-1.167603207,-4.274534563,-2.089130362,-1.89028005,-0.33136428,-7.478240742,-9.624839448,-4.022549339,-4.680494743,-2.779386428,-3.833842316
ConsenSys,LDA,lemma,ca,0.511455674,0.158159898,0.455820387,0.49055577,0.375338132,0.050506045,0.235372471,0.195278357,0.253916351,0.216966934,0.294337002
ConsenSys,LDA,lemma,cp,0.054581123,-0.319787119,0.072304974,0.055022895,-0.301884852,-0.014080714,-0.127710462,-0.366143817,-0.261040032,-0.426623285,-0.163536129
ConsenSys,LDA,lemma,npmi,0.005572661,-0.107684903,0.001871081,0.004387567,-0.097769599,5.07E-06,-0.135691825,-0.086564935,0.004823902,-0.106673102,-0.051772408
ConsenSys,LDA,lemma,umass,-2.180290173,-6.537125203,-2.594875571,-2.711288846,-2.844161035,-1.990812673,-2.847249826,-6.203918002,-1.286103901,-7.706935442,-3.690276067
WebpackDocs,BTM,lemma,ca,0.399823322,0.616817837,0.039328826,0,0.263231154,0.60200162,0.032778837,0.148917073,0.114680614,0.094994249,0.231257353
WebpackDocs,BTM,lemma,cp,-0.03046521,0.531907784,-0.113499617,-0.3,0.115835967,-0.413502292,-0.084990165,-0.49038535,-0.170569688,-0.305511184,-0.126117976
WebpackDocs,BTM,lemma,npmi,-0.013279131,0.006427763,-0.12637153,0,0.024150884,-0.011817858,-0.096511733,-0.059236877,0.008396662,-0.078024546,-0.034626637
WebpackDocs,BTM,lemma,umass,-2.005299979,-3.182603861,-8.208627512,0,-3.989175513,-1.296881117,-2.883288961,-6.18580955,-0.664652805,-3.878061292,-3.229440059
WebpackDocs,DMM,lemma,ca,0.448999175,0.490956231,0.114680614,0.556700017,0.007861395,0.123965226,0.304742075,0.17239111,0.310637268,0.288239836,0.281917295
WebpackDocs,DMM,lemma,cp,0.023731163,0.054021118,-0.170569688,-0.427728447,-0.366034868,-0.435696647,-0.248025101,-0.112719389,-0.545761598,-0.195568219,-0.242435168
WebpackDocs,DMM,lemma,npmi,0.048876387,0.011038564,0.008396662,-0.024842267,-0.001805537,-0.029065491,0.004829298,0.022337122,-0.082603867,-0.054625011,-0.009746414
WebpackDocs,DMM,lemma,umass,-1.71749488,-2.093532305,-0.664652805,-1.523622428,-3.071201468,-0.881803542,-1.219742568,-1.620363616,-5.788913919,-9.748048181,-2.832937571
WebpackDocs,GPU-PDMM,lemma,ca,-0.024933963,0.231587396,0.114680614,0.517767358,0.164512348,0.515818936,0.378221714,-0.075388467,0.217194893,0.126261811,0.216572264
WebpackDocs,GPU-PDMM,lemma,cp,-0.205398396,0.011221971,0.029430312,0.248872638,-0.316365166,0.248938864,-0.355608607,-0.409605461,-0.378305137,-0.301936944,-0.142875593
WebpackDocs,GPU-PDMM,lemma,npmi,-0.057372928,-0.037329421,0.008396662,0.053861553,-0.116998788,0.037712696,-0.002144636,-0.055892857,-0.074875048,-0.137128998,-0.038177176
WebpackDocs,GPU-PDMM,lemma,umass,-0.795696786,-3.46390358,-0.664652805,-1.902528212,-6.719490963,-2.104551968,-1.732524699,-2.530837661,-1.224264485,-6.807563069,-2.794601423
WebpackDocs,WNTM,lemma,ca,0.191711781,0.302787977,0.193642031,0.00680868,0.046620398,-0.066660613,0.284207424,0.114680614,0.274831321,0.260192848,0.160882246
WebpackDocs,WNTM,lemma,cp,-0.118877406,-0.262625958,0.064769415,-0.541391521,-0.195209001,-0.342624751,0.366332405,-0.170569688,0.068374302,0.046216118,-0.108560609
WebpackDocs,WNTM,lemma,npmi,-0.086366216,0.024939616,-0.023603785,-0.15835716,-0.097389404,-0.069261916,0.075681183,0.008396662,-0.000592686,-0.014327296,-0.0340881
WebpackDocs,WNTM,lemma,umass,-5.223134732,-1.870855803,-3.316176763,-8.547828009,-8.127692545,-7.225758341,-3.010739345,-0.664652805,-3.031218572,-1.307802074,-4.232585899
WebpackDocs,LDA,lemma,ca,0.01803034,0.607633368,0.201948041,0.034058958,0.402718956,0.114680614,0.094349392,-0.00483773,0.483486448,0.529472654,0.248154104
WebpackDocs,LDA,lemma,cp,-0.279711176,0.293540527,-0.312108635,-0.229430406,-0.075688267,-0.170569688,-0.39146381,-0.57880646,0.168775105,-0.25612275,-0.183158556
WebpackDocs,LDA,lemma,npmi,-0.017669428,0.07173872,-0.076526343,-0.089746607,-0.054846425,0.008396662,-0.137042195,-0.099190165,0.031057855,0.037654114,-0.032617381
WebpackDocs,LDA,lemma,umass,-2.825536415,-2.890847679,-6.678261322,-2.299042965,-3.017278972,-0.664652805,-6.727490605,-1.875483737,-1.712720971,-1.659456922,-3.035077239
Laravel,BTM,lemma,ca,0.163697774,0.317978773,0.369666402,0.17565248,0.619859768,0.167636876,0.485173239,0.053089495,0.152619792,0.009715137,0.251508974
Laravel,BTM,lemma,cp,-0.003199016,0.17301924,0.199294849,0.177305774,-0.285203691,-0.145690936,0.119860173,-0.272188341,-0.163872618,-0.063300561,-0.026397513
Laravel,BTM,lemma,npmi,-0.073472571,-0.023740573,0.034149613,-0.033378244,0.007334845,-0.019948226,0.034421038,-0.145140069,-0.157053927,-0.039575183,-0.04164033
Laravel,BTM,lemma,umass,-3.910768453,-2.520098864,-2.440714988,-2.925783664,-1.581378544,-2.947116296,-2.416556123,-2.674079207,-8.350068559,-4.308899122,-3.407546382
Laravel,DMM,lemma,ca,0.269436982,0.251616388,0.247598255,0.480319882,0.596337733,0.307171903,0.561985977,0.541368041,0.429481143,0.665167898,0.43504842
Laravel,DMM,lemma,cp,-0.259880287,-0.31135366,0.019408274,0.120383646,0.147539841,-0.138227373,-0.399065166,0.246492397,0.061368942,0.177682789,-0.03356506
Laravel,DMM,lemma,npmi,0.000432839,-0.119369943,-0.073358087,0.034421038,0.030162097,0.034888411,-0.019621737,0.056392625,-0.006092631,-0.014630603,-0.007677599
Laravel,DMM,lemma,umass,-1.767287327,-1.734886954,-4.026048538,-2.291200361,-1.744419337,-1.308975922,-1.476953204,-2.022905045,-2.451025388,-2.659815857,-2.148351793
Laravel,GPU-PDMM,lemma,ca,0.665167898,0.658919274,0.50072333,0.308201342,0.465300288,0.658002138,0.263362246,0.59724874,-0.049997962,0.625060041,0.469198733
Laravel,GPU-PDMM,lemma,cp,0.178507153,0.068923702,-0.289152099,0.099976577,0.039143037,0.534274472,0.195872428,0.402923285,-0.105102069,0.412216402,0.153758289
Laravel,GPU-PDMM,lemma,npmi,-0.014630603,-0.098969391,0.008831321,0.020461721,0.009397805,0.155184682,0.039032131,0.090911835,-0.153476732,0.10623361,0.016297638
Laravel,GPU-PDMM,lemma,umass,-2.764804337,-2.149150212,-0.919162007,-0.970884236,-1.89189882,-2.089463074,-2.832340577,-2.312606271,-3.88447842,-2.807336111,-2.262212406
Laravel,WNTM,lemma,ca,0.601731451,0.203163297,0.270364152,0.651077065,0.369174766,0.583441231,0.383698243,0.128965616,0.449136074,0.551931406,0.41926833
Laravel,WNTM,lemma,cp,0.911402651,0.270347778,0.062887909,-0.273334879,0.248932998,0.446178492,0.259571924,-0.245235168,0.177329614,0.127522757,0.198560408
Laravel,WNTM,lemma,npmi,0.1992544,-0.009446271,-0.052168468,0.016114513,0.044120262,0.096852828,0.036898328,-0.113998467,0.023837881,-0.092572692,0.014889232
Laravel,WNTM,lemma,umass,-2.560753954,-2.62215511,-3.68170193,-2.105455513,-2.689519929,-3.050054913,-2.733583293,-8.297632833,-2.978358746,-1.93549204,-3.265470826
Laravel,LDA,lemma,ca,0.17303373,0.452834558,0.247598255,0.375626711,0.540041007,0.046971962,-0.012821598,0.583441231,0.495838274,0.618977267,0.35215414
Laravel,LDA,lemma,cp,-0.309779336,0.195625358,0.019452678,-0.053761864,0.191413473,-0.052409281,-0.335346417,0.446465858,0.216956759,-0.336707966,-0.001809074
Laravel,LDA,lemma,npmi,-0.048183554,0.028207931,-0.073358087,-0.029837052,0.040776713,-0.043643785,-0.241140697,0.096852828,0.039427498,-0.001125113,-0.023202332
Laravel,LDA,lemma,umass,-1.717719514,-1.838609331,-3.713691712,-2.119974402,-1.170369486,-2.95603306,-3.762338874,-3.096039292,-2.423871968,-0.895560924,-2.369420856
GitterHQ,BTM,lemma,ca,0.465576414,0.06715957,-0.051627108,0.193462917,0.334260703,0.60501931,0.284800478,0.482576887,0.436956244,0.574277294,0.339246271
GitterHQ,BTM,lemma,cp,0.375943039,-0.12776691,-0.419516662,0.022681901,0.154027802,0.275536418,0.252574697,-0.118604845,-0.004586752,0.117263811,0.05275525
GitterHQ,BTM,lemma,npmi,0.115278399,-0.126774384,-0.148797133,0.005722693,0.020677441,0.06080847,0.058261999,-0.065450821,-0.066638901,0.040802182,-0.010611006
GitterHQ,BTM,lemma,umass,-2.61518237,-8.021396164,-9.919441775,-4.362318569,-2.961264069,-2.769798031,-2.805723103,-2.72308579,-2.785836176,-1.359439916,-4.032348596
GitterHQ,DMM,lemma,ca,0.586834597,0.328713255,0.298913866,0.586205943,0.467343003,0.31700271,0.502130181,0.494968472,0.555406213,-0.004258991,0.413325925
GitterHQ,DMM,lemma,cp,0.163524345,0.220352457,0.003642484,0.431441419,0.010706254,0.028198275,0.198670336,0.102815522,0.222465191,0.003630045,0.138544633
GitterHQ,DMM,lemma,npmi,0.054730397,0.019684083,-0.020499632,0.093029271,-0.017047744,-0.000895549,0.027308591,0.029440105,0.047113994,-0.123372439,0.010949108
GitterHQ,DMM,lemma,umass,-2.022063435,-3.056631124,-8.159922072,-1.393413499,-1.220405034,-1.9377635,-2.663362776,-2.870870015,-1.282534425,-3.557001291,-2.816396717
GitterHQ,GPU-PDMM,lemma,ca,0.506385524,0.543066191,0.204553489,0.447302266,0.644405129,0.312850416,0.480016265,0.427561317,0.566212022,0.481037535,0.461339015
GitterHQ,GPU-PDMM,lemma,cp,-0.075972592,0.164359782,0.382743038,-0.029098021,0.431850685,-0.079610153,0.103338995,0.29108102,0.153504111,0.527263029,0.186945989
GitterHQ,GPU-PDMM,lemma,npmi,-0.034723562,0.025743605,0.018128317,-0.075644058,0.10654736,0.021688963,0.029440105,0.072870099,0.040550331,0.134383463,0.033898462
GitterHQ,GPU-PDMM,lemma,umass,-2.733441593,-1.537178109,-2.040262819,-2.408474681,-3.270523941,-9.083553925,-2.745514253,-2.558053833,-1.564091117,-2.174903994,-3.011599826
GitterHQ,WNTM,lemma,ca,0.44490838,0.242622625,0.058064481,0.335467655,0.540177685,0.406337737,0.635186573,0.695858573,0.653739288,0.611690887,0.462405388
GitterHQ,WNTM,lemma,cp,0.094218922,0.187100699,-0.259922292,0.170611188,0.017925311,0.051577651,0.59385437,0.760680492,0.448921876,0.095765904,0.216073412
GitterHQ,WNTM,lemma,npmi,-0.011155104,0.037920298,-0.097727329,0.036873388,-0.010716784,-0.01139681,0.122189413,0.200736426,0.113620378,-0.032548248,0.034779563
GitterHQ,WNTM,lemma,umass,-2.762979863,-3.351784356,-6.677778022,-2.789556469,-1.048337266,-2.614810513,-2.67244484,-2.378874629,-2.859718412,-2.703252484,-2.985953685
GitterHQ,LDA,lemma,ca,0.023723529,0.777631527,0.54284508,0.437406165,0.536930256,0.436956244,0.600020987,0.581696143,0.54864942,0.7495773,0.523543665
GitterHQ,LDA,lemma,cp,-0.545720416,0.59673798,0.176966757,0.345938718,0.280937776,-0.003695024,0.435603422,0.169377854,0.18186361,0.758501981,0.239651266
GitterHQ,LDA,lemma,npmi,-0.104635222,0.198595404,0.011851806,0.106138874,0.072619916,-0.066638901,0.110794199,0.006064958,0.043778319,0.200736426,0.057930578
GitterHQ,LDA,lemma,umass,-7.908571379,-3.450742998,-1.449638642,-2.987474251,-3.759663505,-2.296493824,-2.528778627,-1.605094619,-1.41904462,-1.732348762,-2.913785123
Locomotive,BTM,lemma,ca,0.565404128,0.348347752,0.041889235,0.666821834,0.101079716,0.39679192,0.302130509,0.509693936,0.126030288,0.054403528,0.311259285
Locomotive,BTM,lemma,cp,-0.092792715,-0.053953632,-0.36552609,0.356204922,-0.42240628,0.066805163,0.176787359,0.193867684,-0.02368458,-0.069796933,-0.02344951
Locomotive,BTM,lemma,npmi,-0.061467373,-0.068156936,-0.000569937,0.080377019,-0.038783434,0.002210015,0.032446886,0.030420408,-0.136861615,0.007054712,-0.015333026
Locomotive,BTM,lemma,umass,-2.167729925,-2.79907264,-0.849430946,-2.014845001,-6.562784335,-2.798236007,-1.315165768,-1.765240734,-3.221526153,-0.189373166,-2.368340467
Locomotive,DMM,lemma,ca,0.606601624,0.523098748,0.4007702,0.476642611,0.409966866,0.187212727,0.151352243,0.612629914,0.509116326,0.563659866,0.444105113
Locomotive,DMM,lemma,cp,0.098071779,-0.017735811,0.112638277,0.05695199,-0.000263131,-0.370953294,-0.040063253,0.312573051,0.287685213,0.079515712,0.051842053
Locomotive,DMM,lemma,npmi,0.005764441,-0.061656358,-0.010042835,0.003296925,-0.014984453,-0.034293871,0.012970893,0.066869431,0.055586181,-0.015145457,0.00083649
Locomotive,DMM,lemma,umass,-2.620214458,-2.557316875,-3.816994869,-1.964646435,-2.113301703,-0.837618445,-0.689400755,-2.090010771,-2.317566106,-1.764900261,-2.077197068
Locomotive,GPU-PDMM,lemma,ca,0.577186315,0.53277583,0.057744201,0.370375439,0.351718379,0.332132278,0.615710651,0.278434258,0.476401016,0.400081168,0.399255953
Locomotive,GPU-PDMM,lemma,cp,0.073357994,0.135538546,-0.179377108,0.070740184,0.258107731,0.192181886,0.357451207,-0.152916163,0.099545806,0.073809495,0.092843958
Locomotive,GPU-PDMM,lemma,npmi,-0.009874482,0.032288716,0.004038508,-0.033178447,0.002707508,-0.013680179,0.065397013,-0.053885232,0.016344725,-0.032847127,-0.0022689
Locomotive,GPU-PDMM,lemma,umass,-2.349849658,-1.1892934,-0.210783589,-2.693243425,-3.168445045,-3.562993846,-3.006702657,-4.576641462,-1.780369098,-2.155600025,-2.469392221
Locomotive,WNTM,lemma,ca,0.504543943,0.064756099,0.186997877,0.665711367,0.570496951,0.482124774,0.479405286,0.043529195,0.513202593,0.040564331,0.355133242
Locomotive,WNTM,lemma,cp,0.144611017,0.173411019,-0.120576084,0.309382898,0.110197725,0.034989621,-0.024545445,-0.069619575,-0.284096554,0.512800746,0.078655537
Locomotive,WNTM,lemma,npmi,0.024554453,0.028730182,-0.046597915,0.064049334,-0.036362802,0.018340232,-0.124130258,0.007054712,-0.097282577,-0.053744884,-0.021538952
Locomotive,WNTM,lemma,umass,-1.731971675,-1.686735311,-0.598018528,-2.741311404,-1.918367023,-1.997597192,-3.003699463,-0.245015541,-4.22840377,-4.154704615,-2.230582452
Locomotive,LDA,lemma,ca,0.399988747,0.380983978,0.182657972,0.614094477,0.038497933,0.62351853,0.330398269,0.358157534,0.673943312,0.567146486,0.416938724
Locomotive,LDA,lemma,cp,0.086122528,0.07266169,-0.369300048,0.101255111,-0.13895446,0.377267294,-0.222547103,0.207867284,0.149334531,0.168782411,0.043248924
Locomotive,LDA,lemma,npmi,-0.018471382,0.001321909,-0.101675504,-0.075767379,-0.078534632,0.074499548,-0.004812219,-0.067603252,-0.019495329,0.030338284,-0.026019995
Locomotive,LDA,lemma,umass,-2.492524005,-3.473329197,-7.43479524,-2.512921274,-2.529426821,-2.091826518,-1.041289911,-3.373073529,-2.822065629,-1.637050793,-2.940830292
SpringSecurity,BTM,lemma,ca,0.260600962,0.196467779,0.173521675,0.712370233,-0.038601488,0.203770142,0.095359542,0.587079171,0.153408156,0.481661906,0.282563808
SpringSecurity,BTM,lemma,cp,-0.013225626,0.168328871,-0.634079242,0.577202585,0.055333518,0.152823277,-0.321817636,0.099204318,-0.068829128,0.135081634,0.015002257
SpringSecurity,BTM,lemma,npmi,-0.111382737,-0.253930344,-0.084422349,0.148847299,-0.094948164,-0.062701061,-0.013309165,0.023193474,-0.125329916,0.042966241,-0.053101672
SpringSecurity,BTM,lemma,umass,-2.047279171,-3.256449254,-12.9771453,-2.349674913,-5.215669551,-2.979009677,-0.80500545,-1.332212854,-4.366274244,-2.454354567,-3.778307498
SpringSecurity,DMM,lemma,ca,0.428047045,0.454819271,0.263021503,0.339766677,0.27963826,0.115498037,0.16067417,0.481661906,0.415465418,0.518541717,0.3457134
SpringSecurity,DMM,lemma,cp,-0.012569828,0.277292888,0.145125702,0.329667985,0.213456649,0.187159265,-0.11399414,0.134888734,0.232705343,0.066243569,0.145997617
SpringSecurity,DMM,lemma,npmi,-0.009821453,0.028264926,0.039855384,0.054302692,-0.014174731,0.056894616,-0.126947624,0.042966241,0.047632964,0.008780896,0.012775391
SpringSecurity,DMM,lemma,umass,-2.25647539,-3.080471942,-2.562639349,-3.338758834,-1.464472297,-2.705341459,-6.864038291,-2.562029589,-2.865957842,-1.802780587,-2.950296558
SpringSecurity,GPU-PDMM,lemma,ca,0.293732187,0.54045972,0.465478195,0.24488079,0.360128727,0.468751358,0.232808337,0.524822161,0.35252758,0.39686242,0.388045148
SpringSecurity,GPU-PDMM,lemma,cp,-0.107717988,0.368843589,0.142571019,0.170770777,0.513309941,0.1513262,0.63759617,0.201197854,0.137038059,0.184624107,0.239955973
SpringSecurity,GPU-PDMM,lemma,npmi,0.029388194,0.071877154,0.033310117,0.02908589,0.200698157,0.021180298,-0.016987976,0.036581281,-0.014206638,0.019930894,0.041085737
SpringSecurity,GPU-PDMM,lemma,umass,-1.475704521,-1.888562295,-3.196646956,-3.006204267,-3.013787877,-2.441048324,-3.30106749,-3.183395772,-2.455691932,-2.255873535,-2.621798297
SpringSecurity,WNTM,lemma,ca,0.024256549,0.330137292,0.578410969,0.561044617,0.258013594,0.225579198,0.65016328,0.492640914,0.026719979,0.254425433,0.340139182
SpringSecurity,WNTM,lemma,cp,-0.591868728,0.185040552,0.137938615,0.111053442,0.365171812,0.194280103,0.627556925,0.147609572,-0.175125592,0.392481927,0.139413863
SpringSecurity,WNTM,lemma,npmi,-0.09229063,0.019930894,0.028949094,0.020269749,-0.023455272,0.048587168,0.137925433,0.064775972,-0.20539108,0.003654194,0.000295552
SpringSecurity,WNTM,lemma,umass,-3.518545633,-2.635729886,-1.427785703,-2.351088143,-2.670985219,-2.127809649,-2.341675907,-2.496284474,-7.016979744,-2.455254817,-2.904213917
SpringSecurity,LDA,lemma,ca,0.465478195,0.712370233,0.492843411,0.16067417,0.781886082,0.544045408,0.129916807,0.282080829,0.478685341,0.45016243,0.449814291
SpringSecurity,LDA,lemma,cp,0.142795757,0.576097363,0.122117238,-0.11399414,0.574368804,0.167021503,0.312909362,0.442522367,0.051835628,0.465509837,0.274118372
SpringSecurity,LDA,lemma,npmi,0.033310117,0.148847299,0.012371004,-0.126947624,0.140838113,0.023775457,-0.026234037,0.090226497,-0.002718875,0.073784409,0.036725236
SpringSecurity,LDA,lemma,umass,-3.133041685,-2.264558324,-2.440480145,-6.864038291,-1.838047703,-2.046712242,-4.14961199,-3.519691174,-1.768915869,-2.77776848,-3.08028659
Android,BTM,stem,ca,0.131431825,0.09443531,0.010832404,0.051660725,3.99E-06,0.039180675,0.103513622,0.102023486,0.046287773,0.213879374,0.079324919
Android,BTM,stem,cp,0.144845779,-0.012932107,-0.186575698,-0.430192095,-0.6,-0.255187188,0.033637972,0.13050855,-0.19846961,-0.528660658,-0.190302506
Android,BTM,stem,npmi,-0.003084999,-0.011032848,0.001555779,-0.11639013,0.001887391,-0.087252013,0.001913005,0.015424791,-0.051585807,-0.048189448,-0.029675428
Android,BTM,stem,umass,-1.846561504,-1.161810195,-0.099401252,-11.93603507,-10.15751012,-1.665779113,-2.213499392,-1.908042052,-7.664842037,-4.873741425,-4.352722216
Android,DMM,stem,ca,0.247163765,0.066453933,0.030767702,0.051334913,0.06189072,0.017255683,0.053539452,0.087125922,0.260137594,0.053498703,0.092916839
Android,DMM,stem,cp,-0.093521624,-0.157832154,-0.708079517,-0.532873445,-0.162107793,-0.891470778,-0.05053032,-0.070982232,-0.329770134,0.080989588,-0.291617841
Android,DMM,stem,npmi,-0.101845563,-0.034013471,-0.157294075,-0.05903015,-0.012717949,-0.078103518,0.025433696,0.005049506,0.00947506,0.016650366,-0.03863961
Android,DMM,stem,umass,-1.59224472,-7.586225105,-15.52293507,-8.029641752,-7.679246657,-14.18834484,-0.669554158,-1.255453122,-1.460093933,-2.09579634,-6.007953569
Android,GPU_PDMM,stem,ca,0.037038144,0.128690353,0.008471525,0.081606938,0.019551187,0.108928515,0.016709131,0.012490755,0.017237647,0.050084867,0.048080906
Android,GPU_PDMM,stem,cp,-0.094442177,0.233207642,-1,-0.721042251,-1,-0.920646536,-0.436900649,-0.7,-0.459197036,-0.319603253,-0.541862426
Android,GPU_PDMM,stem,npmi,0.022018698,-0.10369129,-0.130682257,-0.219687474,-0.149855193,-0.15305302,-0.012568414,0.057629429,-0.025361981,-0.013595091,-0.072884659
Android,GPU_PDMM,stem,umass,-0.833205086,-4.223197685,-17.91461087,-9.362159791,-16.71641492,-13.84250447,-0.777871632,-15.94025827,-4.360644771,-0.990981608,-8.496184909
Android,WNTM,stem,ca,0.050849572,0.19251768,0.098795732,0.097341646,0.11517016,0.013632865,0.047179145,0.112493025,0.061540409,0.022797569,0.08123178
Android,WNTM,stem,cp,-0.38659877,-0.501466164,0.120933962,0.125439705,-0.689719205,-0.62544021,0.112771468,0.131512508,-0.313701894,-0.421185446,-0.244745404
Android,WNTM,stem,npmi,-0.089035702,-0.052725898,0.01554209,0.029491092,-0.09072373,-0.058991195,0.012692403,0.008301838,-0.15665042,-0.009135055,-0.039123458
Android,WNTM,stem,umass,-9.821342943,-5.377314958,-2.344069978,-1.299494178,-10.43915651,-2.478139277,-0.863209525,-1.538742655,-11.06019861,-0.901026535,-4.612269517
Android,LDA,stem,ca,-0.116580237,0.356629427,0.123618778,0.599426988,0.261645229,-0.053193583,0.042501938,0.449631354,0.148146365,0.281615818,0.209344208
Android,LDA,stem,cp,-0.496208632,-0.284835349,-0.670600649,-0.334105878,-0.330562821,-0.557991777,-0.135941775,0.059168939,-0.123662901,0.083440698,-0.279130015
Android,LDA,stem,npmi,-0.189868233,-0.033150726,-0.126654022,0.012009872,-0.012990704,-0.047455627,-0.084365354,0.01491644,-0.031453502,-0.034104617,-0.053311647
Android,LDA,stem,umass,-8.772203866,-5.788890263,-10.06681097,-1.640589338,-0.69587083,-0.700114585,-2.781384981,-2.222123653,-1.819235428,-2.908043903,-3.739526781
Flutter,BTM,stem,ca,0.277555649,0.094659773,0.088762287,0.109075978,0.117076173,0.062014176,0.322406722,0.013457372,0.226759357,0.186800655,0.149856814
Flutter,BTM,stem,cp,0.138719956,-0.024814352,-0.414339324,-0.162203374,-0.411804658,-0.058945773,-0.423324878,-0.7,-0.09926363,-0.383259562,-0.25392356
Flutter,BTM,stem,npmi,0.019434461,-0.007053168,-0.07574531,-0.11823919,-0.177068347,-0.002856383,-0.14976189,-0.100571793,-0.130350359,-0.032973205,-0.077518518
Flutter,BTM,stem,umass,-2.364441219,-2.733274666,-11.59624501,-6.327585393,-10.35196476,-1.061069676,-3.363719334,-10.23514627,-4.491558257,-0.617874121,-5.314287871
Flutter,DMM,stem,ca,0.318864312,0.463997558,0.124767073,0.301349098,0.287960405,0.121817438,0.275263674,0.178618734,0.263793445,0.094659773,0.243109151
Flutter,DMM,stem,cp,-0.264370454,-0.049470171,0.015836527,-0.09980594,0.07573972,-0.42869989,0.474020219,-0.68973139,0.04858244,-0.024814352,-0.094271329
Flutter,DMM,stem,npmi,-0.089686923,0.055385339,-0.03177485,-0.060236324,-0.146211476,-0.010778446,0.04339107,-0.176566023,-0.005609416,-0.007053168,-0.042914022
Flutter,DMM,stem,umass,-2.403969264,-4.347707606,-2.483784117,-3.866926012,-4.369699652,-0.601015487,-2.106499241,-12.05437575,-1.554516217,-2.733274666,-3.652176802
Flutter,GPU_PDMM,stem,ca,0.268253748,0.306669044,0.076163691,0.223458405,0.078257826,0.121736065,0.105034357,0.464709236,0.118308558,0.302480715,0.206507164
Flutter,GPU_PDMM,stem,cp,-0.573960729,0.190195521,-0.372575778,-0.806178137,-0.024626859,0.063827193,-0.060076655,-0.017565915,-0.072235548,0.081359426,-0.159183748
Flutter,GPU_PDMM,stem,npmi,-0.005559252,0.053478826,-0.120084416,-0.196013728,-0.010583919,0.048011688,-0.075382721,0.028644652,-0.005315218,0.001667666,-0.028113642
Flutter,GPU_PDMM,stem,umass,-0.537464942,-1.908318383,-6.248155363,-12.66790913,-2.041745549,-1.206721624,-6.143672914,-4.439897313,-5.927001324,-1.78402218,-4.290490872
Flutter,WNTM,stem,ca,0.096171618,0.116583082,0.163139359,0.167727443,0.038400768,0,0.301837442,0.10207948,0.066927778,0.285469583,0.133833655
Flutter,WNTM,stem,cp,0.008483551,-0.224836817,-0.459549346,0.417534002,-0.495503694,-0.1,-0.332475297,-0.299903155,-0.188290397,-0.464494713,-0.213903586
Flutter,WNTM,stem,npmi,-0.041805277,-0.146479163,-0.101381398,0.070688216,-0.090661095,0,-0.082113016,-0.145223912,-0.097885916,-0.146694854,-0.078155641
Flutter,WNTM,stem,umass,-2.635420063,-4.169306095,-10.56002504,-3.146368343,-6.512151984,0,-13.32180825,-7.107038862,-2.303100759,-5.796938119,-5.555215751
Flutter,LDA,stem,ca,0.071725765,0.364385897,-0.071432801,0.265341792,0.205985434,0.399049969,0.280519249,0.102481147,0.554976861,0.074096138,0.224712945
Flutter,LDA,stem,cp,-0.07014288,-0.534891032,-0.493151601,-0.049213019,-0.471230386,-0.422625154,0.105357895,-0.024814352,-0.149308914,-0.109586019,-0.221960546
Flutter,LDA,stem,npmi,-0.162287641,-0.103488663,-0.112779741,0.004371346,-0.121105469,-0.14976189,-0.043290819,-0.007053168,-0.047684148,-0.045446852,-0.078852705
Flutter,LDA,stem,umass,-2.546258886,-10.09915425,-12.19989655,-1.488826879,-7.107674702,-3.152463545,-3.523057318,-2.733274666,-4.356328233,-2.774353269,-4.99812883
Jenkinsci,BTM,stem,ca,0.074846994,0.144562088,0.041417869,0.060428846,0.07448863,0.175137397,0.059032497,0.01826105,0.084593642,0.102861269,0.083563028
Jenkinsci,BTM,stem,cp,-0.153484771,-0.516429787,-0.601237416,-0.8,-0.582492621,-0.91125191,0.290605969,-0.6,-0.223441685,-0.324175849,-0.442190807
Jenkinsci,BTM,stem,npmi,-0.005120488,-0.04201208,-0.118206609,-0.098815835,-0.070005327,-0.124622086,-0.022714724,-0.029728511,-0.053367266,-0.148147526,-0.071274045
Jenkinsci,BTM,stem,umass,-1.362223464,-6.970575072,-6.398880145,-7.139684587,-7.588650377,-9.533387055,-0.824482919,-10.51106836,-1.895915367,-3.216424227,-5.544129158
Jenkinsci,DMM,stem,ca,0.221682203,0.135882317,0.27050133,0.085242319,0.071479046,0.153396084,0.031651408,0.022889969,0.146580994,0.036840109,0.117614578
Jenkinsci,DMM,stem,cp,-0.173627072,-0.496002307,-0.6927599,-0.041819805,-0.3,0.061842553,-0.302947711,-0.011184357,-0.173307769,-0.530612105,-0.266041847
Jenkinsci,DMM,stem,npmi,0.022352942,-0.11061504,-0.127632768,-0.0594197,-0.035974812,-0.037563953,-0.087530524,-0.045371015,-0.069740751,-0.09441886,-0.064591448
Jenkinsci,DMM,stem,umass,-1.054843394,-4.916969437,-4.389023866,-2.10621789,-5.758322937,-2.183844277,-6.765544861,-0.071200869,-6.049551631,-4.852648461,-3.814816762
Jenkinsci,GPU_PDMM,stem,ca,0.051003485,0.051205294,0.068919966,0.250850177,0.035545631,0.102210074,0.078305885,0.123115007,0.053676699,0.216726574,0.103155879
Jenkinsci,GPU_PDMM,stem,cp,-0.550432288,-0.702947711,-0.6,-0.673298698,-0.652155481,0.083374367,-0.062120001,0.124896408,-0.219005167,-0.465515179,-0.371720375
Jenkinsci,GPU_PDMM,stem,npmi,-0.160210513,-0.190838834,-0.044618987,-0.148660614,-0.134472653,0.013053116,-0.061279025,0.026034722,0.015742664,-0.189452828,-0.087470295
Jenkinsci,GPU_PDMM,stem,umass,-6.787881346,-10.00311886,-5.758322937,-2.317683932,-6.642644764,-1.846458039,-4.471484016,-1.712803329,-0.051620586,-5.162558566,-4.475457637
Jenkinsci,WNTM,stem,ca,0.118951174,0.135382411,0.109522111,0.094790198,0.101717285,0.31861012,0.16629609,0.138750312,0.175129412,0.081191218,0.144034033
Jenkinsci,WNTM,stem,cp,-0.1429708,0.091246693,0.041282055,-0.024899152,-0.402834897,-0.33060586,-0.596122795,-0.514158892,-0.052141005,-0.622334581,-0.255353923
Jenkinsci,WNTM,stem,npmi,-0.087422992,0.031633462,-0.002933928,0.0195683,-0.063817595,-0.055798472,-0.11061504,-0.148482627,-0.038935746,-0.181900846,-0.063870548
Jenkinsci,WNTM,stem,umass,-4.169460454,-1.965394795,-2.067995688,-0.436187332,-8.816365592,-1.583993829,-5.088729226,-7.955426441,-5.399840564,-6.808200652,-4.429159457
Jenkinsci,LDA,stem,ca,0.001812175,0.141148454,0.38418831,0.158217604,0.094621156,0.311195225,0.533212742,0.193096791,0.020148269,0.308767535,0.214640826
Jenkinsci,LDA,stem,cp,-0.415893303,-0.409255385,0.117076822,-0.15787367,-0.262120001,0.11282143,0.062254753,-0.642501844,-0.335434093,-0.675111988,-0.260603728
Jenkinsci,LDA,stem,npmi,-0.055504528,-0.013472791,0.007267538,-0.04617871,-0.061279025,0.026156834,-0.037563953,-0.123457279,-0.080571317,-0.081657851,-0.046626108
Jenkinsci,LDA,stem,umass,-3.165456306,-7.344401736,-1.158031646,-0.640256387,-4.471484016,-1.52106505,-1.910565028,-5.579402357,-5.964056312,-3.610865163,-3.5365584
ConsenSys,BTM,stem,ca,0.030114848,0.08985076,0.220517322,0.169868972,0.138636157,0.135862564,0.176575192,0.183419349,0.207352338,0.220700692,0.157289819
ConsenSys,BTM,stem,cp,-0.146829185,-0.1,-0.387999603,-0.16397618,-0.298792327,-0.232888302,-0.405073503,-0.389561347,-0.422328739,-0.349936876,-0.289738606
ConsenSys,BTM,stem,npmi,-0.129658958,0,-0.051598029,-0.02767011,-0.062554212,-0.001013398,-0.102777371,-0.100717272,-0.091722804,-0.085256823,-0.065296898
ConsenSys,BTM,stem,umass,-5.562880837,0,-4.052526565,-1.403251448,-7.587682425,-2.155583994,-7.190954521,-4.253940336,-7.358059271,-7.0744308,-4.66393102
ConsenSys,DMM,stem,ca,0.38884272,0.220775127,0.264783302,0.509115326,0.49055577,0.777611285,0.176575192,0.441777205,0.155275248,0.233012191,0.365832337
ConsenSys,DMM,stem,cp,-0.353104489,-0.325657301,-0.181248468,0.135107632,0.056379167,-0.04406168,-0.405142421,0.015206417,-0.173011292,-0.568461785,-0.184399422
ConsenSys,DMM,stem,npmi,0.009953868,-0.083846536,-0.127338199,0.028040459,0.004387567,0.025545453,-0.102777371,-0.016858105,-0.097606699,-0.109006717,-0.046950628
ConsenSys,DMM,stem,umass,-0.941336227,-7.234749107,-3.670926478,-1.489212453,-2.875558623,-6.377630109,-7.195034457,-1.576885488,-4.331180204,-4.896145807,-4.058865895
ConsenSys,GPU-PDMM,stem,ca,0.413190113,0.220016323,0.26142287,0.443732319,-0.042306978,0.670870253,0.097783818,0.443746284,0.040579881,0.274920002,0.282395488
ConsenSys,GPU-PDMM,stem,cp,-0.141694276,-0.278950251,-0.413182047,0.019370529,-0.25529822,-0.366143817,-0.742703095,0.076439342,-0.247628568,-0.36349073,-0.271328114
ConsenSys,GPU-PDMM,stem,npmi,-0.028542532,-0.081453884,0.029181486,-0.001692462,-0.158532783,-0.086564935,-0.158272208,-0.006765259,0.01764143,-0.100265068,-0.057526621
ConsenSys,GPU-PDMM,stem,umass,-1.365050119,-8.174816382,-0.380377853,-2.281835995,-4.383765719,-4.350305526,-14.34039456,-2.813043953,-0.976231063,-6.258998651,-4.532481982
ConsenSys,WNTM,stem,ca,0.228577289,0.050348069,0.220517322,0.196225981,0.125121842,0.085713394,-0.004030268,0.258819426,0.265378421,0.194248812,0.162092029
ConsenSys,WNTM,stem,cp,0.336518874,-0.081621211,-0.388217059,-0.366418528,-0.188448593,-0.317747118,-0.324063559,0.186246627,-0.451626842,0.015284799,-0.158009261
ConsenSys,WNTM,stem,npmi,-0.057845237,-0.000472547,-0.051598029,-0.086564935,-0.119984969,-0.090711105,-0.029720631,-0.007697231,0.00241644,-0.015503428,-0.045768167
ConsenSys,WNTM,stem,umass,-3.852978955,-0.217338459,-3.987045611,-6.571825417,-2.761685302,-6.283816339,-3.115161288,-2.709115483,-0.561704466,-3.186147419,-3.324681874
ConsenSys,LDA,stem,ca,0.503353819,0.298133816,-0.019750327,0.64531455,-0.017540035,0.068992432,0.152196944,0.186945965,0.049908891,0.105183857,0.197273991
ConsenSys,LDA,stem,cp,0.087234992,-0.388118686,-0.646332603,-0.299525638,-0.678140652,-0.132417772,-0.253958618,-0.357175776,-0.234859018,-0.252918823,-0.315621259
ConsenSys,LDA,stem,npmi,0.010947445,-0.11250457,-0.195346594,0.011607716,-0.209168386,-0.021007286,0.009953868,-0.090244904,-0.039532812,-0.058057337,-0.069335286
ConsenSys,LDA,stem,umass,-2.282641338,-6.57016574,-6.974940909,-1.109044545,-12.11770057,-1.639891626,-0.734986304,-9.458416432,-2.360477431,-7.1679174,-5.041618229
WebpackDocs,BTM,stem,ca,0,0.006602272,0.073933814,0.055650459,0.148917073,0.259540769,0.198510217,-0.111281317,0.393713523,0.088634674,0.111422148
WebpackDocs,BTM,stem,cp,-0.3,-0.507270968,-0.543430855,-0.222986905,-0.49038535,-0.671630516,-0.151615127,-0.194336325,-0.353871641,-0.202703132,-0.363823082
WebpackDocs,BTM,stem,npmi,0,-0.155215564,-0.061652549,-0.023469683,-0.059236877,-0.130508445,-0.149570891,-0.151502302,-0.069066747,0.032029813,-0.076819324
WebpackDocs,BTM,stem,umass,0,-12.780786,-5.067032703,-2.461481751,-6.18580955,-6.879885553,-5.199138198,-4.994078033,-2.737499087,-0.159612653,-4.646532352
WebpackDocs,DMM,stem,ca,0.158143096,0.129469874,0.088634674,0.136683802,0.139783676,-0.027094291,0.607969005,0.175430213,0.440409355,0.34493572,0.219436512
WebpackDocs,DMM,stem,cp,-0.353705949,-0.436037229,-0.202703132,-0.75319109,0.255183649,-0.608966164,-0.374334968,-0.097378911,-0.370930793,-0.650369173,-0.359243376
WebpackDocs,DMM,stem,npmi,-0.122981221,-0.026898358,0.032029813,-0.08887024,0.027101595,-0.065754674,0.004582685,0.010891862,-0.004565305,-0.071573838,-0.030603768
WebpackDocs,DMM,stem,umass,-5.301024496,-1.47969345,-0.159612653,-7.315063174,-2.662319804,-3.056924675,-1.199939299,-1.636285914,-2.694035951,-4.120605006,-2.962550442
WebpackDocs,GPU-PDMM,stem,ca,0.106745689,0.30399364,0.414194973,0.28616605,0.517767358,-0.024933963,0.024507584,-0.000975229,0.165225722,0.180260365,0.197295219
WebpackDocs,GPU-PDMM,stem,cp,-0.134419549,-0.114239269,0.097525054,-0.194741161,0.248872638,-0.405398396,-0.617030566,-0.297154021,-0.102703132,0.170730453,-0.134855795
WebpackDocs,GPU-PDMM,stem,npmi,-0.05427782,0.00569392,0.010795792,-0.047760183,0.053861553,-0.057372928,-0.056675752,-0.022017733,0.032029813,-0.04293295,-0.017865629
WebpackDocs,GPU-PDMM,stem,umass,-2.149807174,-1.975235195,-2.741749798,-1.654339796,-1.902528212,-0.795696786,-7.983710116,-2.25445799,-0.159612653,-2.695469604,-2.431260732
WebpackDocs,WNTM,stem,ca,0.434809417,0.079511431,0.083028984,0.198510217,0.030354952,0.021037824,0.022799729,0.186976198,-0.035423817,0.210452681,0.123205762
WebpackDocs,WNTM,stem,cp,-0.067645451,-0.076224632,-0.106288841,-0.151595171,-0.735896678,-0.040063675,-0.4,-0.679308559,-0.48788773,-0.283095564,-0.30280063
WebpackDocs,WNTM,stem,npmi,-0.019114721,0.004272749,-0.037395811,-0.149570891,-0.091825099,-0.058768124,-0.004042492,-0.051640708,-0.158972311,-0.079051859,-0.064610927
WebpackDocs,WNTM,stem,umass,-2.445554455,-0.243528892,-1.236881975,-4.423109987,-8.746609332,-3.471215693,-1.875705958,-1.545365438,-8.237009676,-9.125798142,-4.135077955
WebpackDocs,LDA,stem,ca,0.405962575,0.25965127,0.445812745,0.088634674,0.529782024,0.115918174,0.009160249,-0.033117355,-0.027329784,0.033248628,0.18277232
WebpackDocs,LDA,stem,cp,0.278323357,-0.509099002,0.098326086,-0.202703132,0.052701694,-0.323912673,-0.18021315,-0.3,-0.424344396,-0.362057865,-0.187297908
WebpackDocs,LDA,stem,npmi,0.046851271,-0.068974326,0.012195102,0.032029813,0.00712894,-0.112226538,-0.017669428,-0.057647231,-0.067762242,-0.035484847,-0.026155949
WebpackDocs,LDA,stem,umass,-2.862489902,-7.56042505,-2.030911598,-0.159612653,-2.290865277,-9.185853149,-2.739963557,-3.466571558,-2.141618401,-3.705313326,-3.614362447
Laravel,BTM,stem,ca,0.167636876,0.455250609,0.39561814,0.619859768,0.041660054,0.463672858,0.485173239,0.128689838,-0.061764792,0.157614519,0.285341111
Laravel,BTM,stem,cp,-0.145690936,0.152673583,-0.303124806,-0.285203691,-0.661501242,0.06705902,0.118094437,-0.731411809,-0.579133587,-0.231577838,-0.259981687
Laravel,BTM,stem,npmi,-0.019948226,-0.063155068,-0.079556232,0.007334845,-0.106495984,0.011476951,0.034421038,-0.131245099,-0.18888038,-0.016820452,-0.055286861
Laravel,BTM,stem,umass,-2.947116296,-2.710760198,-6.517534009,-1.581378544,-7.55819592,-2.641895074,-2.07272145,-11.12526945,-3.514674645,-11.14578701,-5.18153326
Laravel,DMM,stem,ca,0.561985977,0.631284097,0.68346013,0.66265224,0.250626607,0.480319882,0.264450964,-0.046576905,0.342281562,0.03048951,0.386097406
Laravel,DMM,stem,cp,-0.399065166,-0.39183828,0.149280681,0.218206688,0.194566396,0.120383646,-0.058456187,-0.575125538,-0.63730162,-0.425519363,-0.180486875
Laravel,DMM,stem,npmi,-0.019621737,0.00035735,-0.048370287,0.055152552,0.038521632,0.034421038,-0.087269534,-0.129871722,-0.152233121,-0.119700805,-0.042861463
Laravel,DMM,stem,umass,-1.476953204,-1.121070092,-2.075254822,-1.776024567,-2.306810331,-2.291200361,-3.250851013,-7.598917727,-11.62182098,-8.293386244,-4.181228934
Laravel,GPU-PDMM,stem,ca,0.665167898,-0.030604266,0.125278392,0.404076895,0.266995243,0.168849433,0.236472978,0.306280119,0.487108797,0.516918733,0.314654422
Laravel,GPU-PDMM,stem,cp,0.178507153,-0.767829098,-0.340952207,-0.549759789,0.113989137,-0.310897139,-0.146397076,0.205401584,0.038619564,0.171619791,-0.140769808
Laravel,GPU-PDMM,stem,npmi,-0.014630603,-0.18438301,-0.08934731,0.008562823,0.093936573,-0.100003879,-0.043763021,0.044337696,0.009397805,0.036274158,-0.023961877
Laravel,GPU-PDMM,stem,umass,-2.764804337,-15.64506604,-8.568757577,-0.600536554,-2.228153482,-8.87843323,-3.596032407,-1.289773624,-2.017254582,-3.202165402,-4.879097723
Laravel,WNTM,stem,ca,0.649870113,0.302911031,0.035601002,0.117915289,0.291312991,0.202328606,0.64493039,-0.046576905,0.478607261,0.301247901,0.297814768
Laravel,WNTM,stem,cp,-0.281700277,0.087067536,-0.182840908,-0.121856488,0.06091892,0.046466442,-0.334515045,-0.380018651,0.133749123,0.36428997,-0.060843938
Laravel,WNTM,stem,npmi,-0.076944178,0.029036225,-0.079510878,-0.123621825,-0.098448897,-0.088242813,0.010562613,-0.129871722,0.037819043,0.032302935,-0.04869195
Laravel,WNTM,stem,umass,-7.99136567,-0.998701342,-8.613311998,-2.963404703,-3.002166549,-2.328431995,-1.428439196,-6.676655731,-2.350739282,-2.939642759,-3.929285922
Laravel,LDA,stem,ca,0.403870983,0.063155732,0.580033167,0.410609232,0.528983375,0.301928353,0.049115735,0.618977267,0.646983367,0.250626607,0.385428382
Laravel,LDA,stem,cp,-0.336291188,-0.258940005,0.277610093,0.001286764,0.146534342,-0.063904358,-0.3,-0.331920414,0.165993241,0.294575533,-0.040505599
Laravel,LDA,stem,npmi,-0.069145032,-0.158140348,0.069207195,-0.010296004,0.031166636,0.031481011,-0.02341628,-0.001125113,0.037362813,0.038521632,-0.005438349
Laravel,LDA,stem,umass,-5.91616665,-2.782270129,-2.555071846,-2.482926998,-1.102028345,-1.509712692,-5.303900585,-1.314278204,-1.708353275,-2.325790002,-2.700049873
GitterHQ,BTM,stem,ca,0.076795147,0.542400499,0.495932852,-0.015478197,0.39977705,0.158468152,0.340319541,0.436956244,0.62131279,0.375373794,0.343185787
GitterHQ,BTM,stem,cp,0.175048629,0.286835736,0.0008076,-0.527700969,-0.09280241,-0.382121696,0.176303216,-0.004492655,0.271169528,0.170233738,0.007328072
GitterHQ,BTM,stem,npmi,-0.073230591,0.043274193,-0.085648425,-0.156597223,-0.071580728,-0.001300746,0.027827631,-0.066638901,0.090231927,0.033709897,-0.025995297
GitterHQ,BTM,stem,umass,-3.332001896,-1.543102752,-2.350258846,-11.86291984,-3.35460717,-0.469371101,-3.12118197,-2.531450191,-2.40382955,-1.577089707,-3.254581302
GitterHQ,DMM,stem,ca,0.594320317,0.248198427,0.532807215,0.32927458,0.032283375,0.600913528,0.694703916,0.441854177,0.341179789,0.206352237,0.402188756
GitterHQ,DMM,stem,cp,0.416521735,-0.269421117,0.194413975,-0.096419052,-0.2149061,0.481715035,0.392345759,0.061042699,-0.198487222,0.120940944,0.088774666
GitterHQ,DMM,stem,npmi,0.087666676,-0.068417717,0.027491222,0.02502494,-0.109299878,0.109420262,0.104657785,-0.008974296,-0.064743553,-0.119807905,-0.001698246
GitterHQ,DMM,stem,umass,-2.358832721,-8.910026333,-1.70397417,-1.607245986,-5.884626289,-2.473471041,-3.519240302,-1.648895159,-6.282834709,-3.269122576,-3.765826929
GitterHQ,GPU-PDMM,stem,ca,0.178997744,0.536930256,0.276712923,0.157136739,-0.017682761,0.552746265,0.047569379,0.315010929,0.331217918,0.567008446,0.294564784
GitterHQ,GPU-PDMM,stem,cp,-0.293318394,0.280937776,-0.084394937,-0.077219439,-0.405703061,0.169766263,-0.236371323,0.152462925,-0.212525662,0.32559968,-0.038076617
GitterHQ,GPU-PDMM,stem,npmi,-0.090867176,0.072619916,-0.035021551,-0.01784033,-0.1283311,0.017961384,-0.088095746,0.062269534,0.022846243,0.075230467,-0.010922836
GitterHQ,GPU-PDMM,stem,umass,-2.454809079,-3.759663505,-8.637940433,-5.537574367,-2.806189559,-1.567383611,-11.5727608,-1.048294054,-1.312190508,-2.652597997,-4.134940392
GitterHQ,WNTM,stem,ca,0.677353036,0.282465485,0.584875028,0.072597715,0.38654725,0.403265126,0.609787055,0.319278309,0.163245782,0.340231879,0.383964666
GitterHQ,WNTM,stem,cp,0.596418022,-0.348119726,0.271827639,-0.526477393,0.011246986,-0.002754932,-0.005124892,-0.138244114,-0.683986578,-0.012058656,-0.083727364
GitterHQ,WNTM,stem,npmi,0.132699873,-0.074547549,0.090231927,-0.0654193,0.044897831,0.033756827,-0.085596768,-0.020678422,-0.13767065,0.026316957,-0.005600927
GitterHQ,WNTM,stem,umass,-2.33856575,-9.24845384,-2.637666455,-2.482639911,-1.276309895,-9.696506015,-1.917748298,-10.02515753,-12.5464052,-0.591031946,-5.276048483
GitterHQ,LDA,stem,ca,0.274316097,0.189447701,0.108612597,0.538753936,0.668307372,0.546642938,0.451042615,0.568717999,0.020779054,0.627991543,0.399461185
GitterHQ,LDA,stem,cp,-0.029025218,-0.236974278,-0.275107897,0.169301,0.393242062,0.237308202,0.540731152,0.20800591,-0.6715674,0.104256955,0.044017049
GitterHQ,LDA,stem,npmi,0.078430077,-0.088095746,-0.032227245,0.044020318,0.05846776,0.082809613,0.147962009,0.051361962,-0.17776658,0.029440105,0.019440227
GitterHQ,LDA,stem,umass,-2.251797814,-10.63240845,-3.435098545,-1.884428026,-1.900679295,-1.439562974,-1.547452313,-1.447190437,-10.15196886,-2.23269015,-3.692327687
Locomotive,BTM,stem,ca,0.327550832,0.103929317,0.300175199,0.039559866,0.207763746,0.556332985,0.236161419,0.236148511,0.192392007,0.035240027,0.223525391
Locomotive,BTM,stem,cp,-0.708491184,-0.177047335,-0.300396807,-0.593091636,-0.322036592,-0.106669825,-0.519046405,-0.297323472,-0.505176027,-0.379260164,-0.390853945
Locomotive,BTM,stem,npmi,-0.154076798,-0.15475918,-0.123485514,-0.182802661,0.008141016,-0.061879077,-0.08281743,-0.002093525,-0.141900211,-0.101208895,-0.099688228
Locomotive,BTM,stem,umass,-10.44768073,-3.771154549,-3.115506192,-9.691757923,-1.823066829,-2.152715864,-4.202296108,-1.504304024,-9.667226887,-3.239067332,-4.961477643
Locomotive,DMM,stem,ca,-0.075165279,0.207902969,0.361531024,0.180856479,0.316420301,-0.049084058,0.044768039,0.402180968,0.324148887,0.166207783,0.187976711
Locomotive,DMM,stem,cp,-0.804572374,-0.347170332,-0.326452846,-0.332927934,-0.16407225,-0.351339009,-0.295109758,-0.237574686,-0.139835657,-0.085562969,-0.308461782
Locomotive,DMM,stem,npmi,-0.14775088,-0.152789466,0.009897331,-0.107157926,0.004877955,-0.077268579,0.022402933,-0.130404749,-0.058752387,-0.016732953,-0.065367872
Locomotive,DMM,stem,umass,-4.025480552,-5.603599877,-1.444939815,-3.744816381,-0.847145695,-2.463613307,-1.635466622,-2.57669115,-1.628367103,-2.144615079,-2.611473558
Locomotive,GPU-PDMM,stem,ca,0.123861715,0.239780328,-0.089642308,0.301633167,0.115255959,0.279041674,0.062847879,0.365491089,0.027091515,0.129650802,0.155501182
Locomotive,GPU-PDMM,stem,cp,-0.506073743,-0.206020112,-0.340787798,-0.145386116,-0.366166295,-0.655602651,-0.329309405,0.159987651,-0.576152224,-0.047551477,-0.301306217
Locomotive,GPU-PDMM,stem,npmi,-0.125971659,-0.043651301,-0.091907267,0.032772261,0.003791595,-0.087816376,-0.06969918,0.028343171,-0.175421171,-0.082335299,-0.061189523
Locomotive,GPU-PDMM,stem,umass,-5.644925646,-5.721134439,-6.393719987,-1.194856327,-1.126112707,-1.898674211,-3.340821956,-2.286343763,-10.30701929,-4.21660399,-4.213021232
Locomotive,WNTM,stem,ca,0.316772086,0.316690412,0.125204559,0.639971681,-0.03319021,0.209829257,0.358780278,-0.057060269,0.179162788,-0.075939087,0.19802215
Locomotive,WNTM,stem,cp,-0.719696565,-0.128570644,-0.270771541,0.079074214,-0.476135339,0.384494584,-0.262827903,-0.420731916,-0.376324921,-0.822491407,-0.301398144
Locomotive,WNTM,stem,npmi,-0.161558703,0.02616414,-0.059080294,-0.087465812,-0.119852417,-0.023474139,-0.049439935,-0.091827736,0.004777342,-0.20463425,-0.07663918
Locomotive,WNTM,stem,umass,-8.521094368,-1.642174596,-8.506939524,-2.497044086,-8.446977107,-4.177055397,-0.955019158,-8.228183687,-0.989622378,-14.04660111,-5.801071141
Locomotive,LDA,stem,ca,0.282697408,0.023559214,-0.045218107,0.06934725,0.018755469,0.263441446,0.208696071,0.220554164,0.072464095,0.554285924,0.166858294
Locomotive,LDA,stem,cp,0.348899031,-0.179924079,-0.078510915,-0.526132037,-0.682495883,-0.042082342,-0.195622778,-0.018408245,-0.163794269,0.188694751,-0.134937677
Locomotive,LDA,stem,npmi,0.070428766,-0.121844348,-0.135845581,-0.071918298,-0.172708508,0.01029795,-0.067884027,-0.031398834,-0.025466068,0.047135988,-0.049920296
Locomotive,LDA,stem,umass,-3.691558212,-10.08722639,-11.19556534,-3.562269969,-10.26233613,-1.293859567,-0.919031481,-1.914259793,-7.722042272,-1.545816435,-5.219396559
SpringSecurity,BTM,stem,ca,0.152898901,0.160346399,0.061494403,0.083741998,-0.019718776,0.08576783,0.26053759,0.310753377,0.214960055,0.11727674,0.142805852
SpringSecurity,BTM,stem,cp,0.02295837,0.135016072,-0.7,-0.599972152,-0.1,-0.339790942,0.166051516,0.080338564,-0.197389716,-0.409020529,-0.194180882
SpringSecurity,BTM,stem,npmi,-0.080754802,-0.16512618,-0.110498382,-0.143442841,-0.026009071,-0.142759417,0.092589683,0.023102836,-0.141755266,-0.071535299,-0.076618874
SpringSecurity,BTM,stem,umass,-1.203664788,-2.313160789,-9.790406866,-6.164245947,-0.845997229,-6.712064871,-1.874672298,-2.385254057,-2.697319427,-0.393097501,-3.437988377
SpringSecurity,DMM,stem,ca,0.478747903,0.214960055,0.102643854,0.288438696,0.059749359,0.310753377,0.018239651,0.152817509,0.055040437,0.278936921,0.196032776
SpringSecurity,DMM,stem,cp,0.433154615,-0.297604504,0.077086692,-0.110238328,-0.480331925,0.080338564,-0.142846124,-0.200848213,-0.470397961,-0.310122539,-0.142180972
SpringSecurity,DMM,stem,npmi,0.135686912,-0.141755266,-0.02468019,0.011436237,-0.13940321,0.023102836,-0.109083923,-0.051435903,-0.083556434,-0.037566941,-0.041725588
SpringSecurity,DMM,stem,umass,-1.311077712,-2.84227558,-1.876458371,-1.965727342,-5.274309396,-2.385254057,-2.078041477,-0.769393824,-4.972881839,-1.132742103,-2.46081617
SpringSecurity,GPU-PDMM,stem,ca,0.128216157,0.052146025,0.367746713,0.453877391,0.087576926,0.310714663,0.249353551,0.278703339,0.032537659,0.415465418,0.237633784
SpringSecurity,GPU-PDMM,stem,cp,-0.547768756,-0.503574386,-0.031425422,0.104350299,-0.098711467,-0.296751759,-0.358783778,-0.149247947,0.275206181,0.232705343,-0.137400169
SpringSecurity,GPU-PDMM,stem,npmi,-0.019640683,-0.051577635,-0.023433936,0.008419126,0.053030173,-0.035059501,-0.049238566,-0.075231825,0.01176863,0.047632964,-0.013333125
SpringSecurity,GPU-PDMM,stem,umass,-0.227862585,-5.067402998,-2.328153687,-1.672107937,-1.214799559,-0.922936187,-1.833860475,-0.775761512,-1.954100445,-2.28693073,-1.828391612
SpringSecurity,WNTM,stem,ca,0.016629745,0.119206276,0.234755245,0.344501083,0.322571583,0.310753377,0.224733754,0.071766433,0.176357832,0.19340096,0.201467629
SpringSecurity,WNTM,stem,cp,-0.803574386,-0.507690864,0.187148752,0.078606641,0.651161058,0.080567205,0.140756164,-0.214240422,-0.589766991,0.025209643,-0.09518232
SpringSecurity,WNTM,stem,npmi,-0.085391799,-0.113027846,0.06784005,0.00367247,0.083359343,0.023102836,-0.009208165,-0.064487091,-0.058235356,0.046277454,-0.01060981
SpringSecurity,WNTM,stem,umass,-11.35619823,-4.918978896,-1.797951525,-1.564708909,-3.022055119,-2.575605741,-2.169497182,-4.449235917,-3.393164024,-1.357265599,-3.660466114
SpringSecurity,LDA,stem,ca,0.224733754,0.059749359,0.138576701,0.132548281,0.16548944,0.367746713,0.174739181,0.249353551,0.349026766,0.232808337,0.209477208
SpringSecurity,LDA,stem,cp,0.140756164,-0.480331925,-0.29467233,-0.392746069,0.064234994,-0.031116111,-0.255738535,-0.458783778,-0.045230366,0.636423359,-0.11172046
SpringSecurity,LDA,stem,npmi,-0.009208165,-0.13940321,-0.050691845,-0.051322078,-0.002323683,-0.023433936,-0.030708415,-0.049238566,0.022296114,-0.016987976,-0.035102176
SpringSecurity,LDA,stem,umass,-1.59047007,-5.274309396,-0.674395415,-0.734038587,-2.393379292,-2.296222118,-0.970693354,-1.833860475,-0.634393033,-3.15016539,-1.955192713
